recall@010,recall@020,ndcg@010,ndcg@020,accuracy@010,accuracy@020,precision@010,precision@020,f1@010,f1@020,mrr@010,mrr@020,phr@010,phr@020
0.11471659191785774,0.1412118965219254,0.0963234899510727,0.10709168563569078,0.11410206543658012,0.1412014223436866,0.04274032611341179,0.028116330007301554,0.05759603144757778,0.044295430547556504,0.13569073815521937,0.13569073815521937,0.24234606960330982,0.2797274275979557
