recall@010,recall@020,ndcg@010,ndcg@020,accuracy@010,accuracy@020,precision@010,precision@020,f1@010,f1@020,mrr@010,mrr@020,phr@010,phr@020
0.27013221215774763,0.2733736811290371,0.24979175159061848,0.2509929065856511,0.2694885020123063,0.27331627191611857,0.07580610257519935,0.039017528673446884,0.11417916770888663,0.0661811083420524,0.25613173711557724,0.25613173711557724,0.31097165115775804,0.314866911923826
