Dataset,#Users,#Items,#Baskets,Avg. basket size,#Baskets per user,Min. basket size,Max. basket size
instacart,19935,7999,307353,8.976997133589066,15.41775771256584,1,89
tmall,225886,720871,401987,6.2951239716707255,1.7796012147720532,4,173
dunnhumby,36241,4995,289928,7.395977622030297,8.0,1,2350
tafeng,13949,11997,93372,6.275478730240329,6.693813176571798,1,109
taobao,99305,191744,126034,2.6612342701175873,1.2691606666331001,2,50
valuedshopper,10000,7874,598556,8.71819011086682,59.8556,1,128
