Dataset,#Users,#Items,#Baskets,Avg. basket size,#Baskets per user,Min. basket size,Max. basket size
instacart,19858,7988,307184,8.977716938382207,15.469030113808037,1,89
tmall,20545,23761,83550,4.049144225014961,4.066682891214407,1,65
dunnhumby,36241,4508,289354,7.3602438535496315,7.984161584945228,1,2348
tafeng,13890,11956,93226,6.274247527513784,6.711735061195104,1,109
taobao,4621,32631,16070,2.8847542003733664,3.477602250595109,2,49
valuedshopper,9996,7662,598488,8.71514884174787,59.872749099639854,1,128
