{
    "['top_personal', 'tafeng', 'euclidean']": {
        "recall@010": 0.12588182162293382,
        "recall@020": 0.16796338863377536,
        "ndcg@010": 0.10477165825050071,
        "ndcg@020": 0.11890121632825609,
        "accuracy@010": 0.1185856615568668,
        "accuracy@020": 0.1666676941001723,
        "precision@010": 0.05302013422818877,
        "precision@020": 0.03924746537198481,
        "f1@010": 0.06600416011564093,
        "f1@020": 0.05599101127176637,
        "mrr@010": 0.19664169526454123,
        "mrr@020": 0.19664169526454123,
        "phr@010": 0.3712694559474511,
        "phr@020": 0.47765243467085533
    },
    "['top_personal', 'instacart', 'euclidean']": {
        "recall@010": 0.3998825396825388,
        "recall@020": 0.4602634600637578,
        "ndcg@010": 0.40403043200110034,
        "ndcg@020": 0.4224934601298059,
        "accuracy@010": 0.3300505589642468,
        "accuracy@020": 0.44850653126145296,
        "precision@010": 0.2830399999999912,
        "precision@020": 0.20667499999999608,
        "f1@010": 0.31117699138838173,
        "f1@020": 0.25881333276214863,
        "mrr@010": 0.6335148092091687,
        "mrr@020": 0.6335148092091687,
        "phr@010": 0.8672,
        "phr@020": 0.9169
    },
    "['tifuknn', 'tafeng', 'euclidean']": {
        "recall@010": 0.13637522694355608,
        "recall@020": 0.18532742993004106,
        "ndcg@010": 0.10959951928585338,
        "ndcg@020": 0.12566356837215364,
        "accuracy@010": 0.12849126398912863,
        "accuracy@020": 0.18389703348754863,
        "precision@010": 0.05744680851063945,
        "precision@020": 0.042296158789091994,
        "f1@010": 0.07143506362917733,
        "f1@020": 0.06044483496189889,
        "mrr@010": 0.20256087574157716,
        "mrr@020": 0.20256087574157716,
        "phr@010": 0.3902613165786092,
        "phr@020": 0.5046408681993432
    },
    "['tifuknn', 'instacart', 'euclidean']": {
        "recall@010": 0.4270976190476206,
        "recall@020": 0.4887053112938821,
        "ndcg@010": 0.4301538996577315,
        "ndcg@020": 0.44926065335747006,
        "accuracy@010": 0.3527191706646529,
        "accuracy@020": 0.47621894994322644,
        "precision@010": 0.3031999999999927,
        "precision@020": 0.22044499999999712,
        "f1@010": 0.3331256540836178,
        "f1@020": 0.2759215184154649,
        "mrr@010": 0.6559454961383632,
        "mrr@020": 0.6559454961383632,
        "phr@010": 0.881,
        "phr@020": 0.9243
    }
}