{
    "['top_personal', 'tafeng', 'euclidean']": {
        "recall@010": 0.12967679728478626,
        "recall@020": 0.17376296039183223,
        "ndcg@010": 0.1070136009355772,
        "ndcg@020": 0.12192523838120226,
        "accuracy@010": 0.12216921193717183,
        "accuracy@020": 0.17245431919518714,
        "precision@010": 0.05466522678186199,
        "precision@020": 0.040493160547157674,
        "f1@010": 0.06799232672453127,
        "f1@020": 0.05781995022101222,
        "mrr@010": 0.19925065479473064,
        "mrr@020": 0.19925065479473064,
        "phr@010": 0.38192944564434844,
        "phr@020": 0.49625629949604033
    },
    "['top_personal', 'instacart', 'euclidean']": {
        "recall@010": 0.3998825396825388,
        "recall@020": 0.4602634600637578,
        "ndcg@010": 0.40403043200110034,
        "ndcg@020": 0.4224934601298059,
        "accuracy@010": 0.3300505589642468,
        "accuracy@020": 0.44850653126145296,
        "precision@010": 0.2830399999999912,
        "precision@020": 0.20667499999999608,
        "f1@010": 0.31117699138838173,
        "f1@020": 0.25881333276214863,
        "mrr@010": 0.6335148092091687,
        "mrr@020": 0.6335148092091687,
        "phr@010": 0.8672,
        "phr@020": 0.9169
    },
    "['tifuknn', 'tafeng', 'euclidean']": {
        "recall@010": 0.1377906624612867,
        "recall@020": 0.18678370990880497,
        "ndcg@010": 0.11176394780695242,
        "ndcg@020": 0.1278099688048036,
        "accuracy@010": 0.12952802390517842,
        "accuracy@020": 0.18532587393650457,
        "precision@010": 0.058934485241185504,
        "precision@020": 0.043174946004320286,
        "f1@010": 0.07305626562577426,
        "f1@020": 0.061627276170244216,
        "mrr@010": 0.20925136241063377,
        "mrr@020": 0.20925136241063377,
        "phr@010": 0.39978401727861773,
        "phr@020": 0.5164866810655148
    },
    "['tifuknn', 'instacart', 'euclidean']": {
        "recall@010": 0.4307985706452359,
        "recall@020": 0.4961788385259021,
        "ndcg@010": 0.4246738051890154,
        "ndcg@020": 0.44776273245731313,
        "accuracy@010": 0.37636524469949306,
        "accuracy@020": 0.4884669183835872,
        "precision@010": 0.27696646187934415,
        "precision@020": 0.1955635008560833,
        "f1@010": 0.3125216574443352,
        "f1@020": 0.2535588620637955,
        "mrr@010": 0.6345985896338648,
        "mrr@020": 0.6345985896338648,
        "phr@010": 0.8628764226004633,
        "phr@020": 0.9082989223486756
    },
    "['tifuknn', 'dunnhumby', 'euclidean']": {
        "recall@010": 0.2740111940216837,
        "recall@020": 0.3183991397624891,
        "ndcg@010": 0.26275542069752517,
        "ndcg@020": 0.2731301137965833,
        "accuracy@010": 0.23834873920947322,
        "accuracy@020": 0.31302252712668605,
        "precision@010": 0.15454319693166224,
        "precision@020": 0.10743081040811663,
        "f1@010": 0.17741619395724773,
        "f1@020": 0.1394156693966519,
        "mrr@010": 0.43549286822200456,
        "mrr@020": 0.43549286822200456,
        "phr@010": 0.6311360061808449,
        "phr@020": 0.6992632653624348
    },
    "['tifuknn', 'taobao', 'euclidean']": {
        "recall@010": 0.27013221215774763,
        "recall@020": 0.2733736811290371,
        "ndcg@010": 0.24979175159061848,
        "ndcg@020": 0.2509929065856511,
        "accuracy@010": 0.2694885020123063,
        "accuracy@020": 0.27331627191611857,
        "precision@010": 0.07580610257519935,
        "precision@020": 0.039017528673446884,
        "f1@010": 0.11417916770888663,
        "f1@020": 0.0661811083420524,
        "mrr@010": 0.25613173711557724,
        "mrr@020": 0.25613173711557724,
        "phr@010": 0.31097165115775804,
        "phr@020": 0.314866911923826
    },
    "['tifuknn', 'tmall', 'euclidean']": {
        "recall@010": 0.11471659191785774,
        "recall@020": 0.1412118965219254,
        "ndcg@010": 0.0963234899510727,
        "ndcg@020": 0.10709168563569078,
        "accuracy@010": 0.11410206543658012,
        "accuracy@020": 0.1412014223436866,
        "precision@010": 0.04274032611341179,
        "precision@020": 0.028116330007301554,
        "f1@010": 0.05759603144757778,
        "f1@020": 0.044295430547556504,
        "mrr@010": 0.13569073815521937,
        "mrr@020": 0.13569073815521937,
        "phr@010": 0.24234606960330982,
        "phr@020": 0.2797274275979557
    },
    "['tifuknn', 'valuedshopper', 'euclidean']": {
        "recall@010": 0.27305628600646487,
        "recall@020": 0.31384741382054937,
        "ndcg@010": 0.2662781615828608,
        "ndcg@020": 0.27397774030337707,
        "accuracy@010": 0.21978292069096889,
        "accuracy@020": 0.2998572382621756,
        "precision@010": 0.1767507002801064,
        "precision@020": 0.12794117647058303,
        "f1@010": 0.19716207603441394,
        "f1@020": 0.15915326307361707,
        "mrr@010": 0.45441855123247615,
        "mrr@020": 0.45441855123247615,
        "phr@010": 0.6922769107643058,
        "phr@020": 0.767406962785114
    },
    "['top_personal', 'dunnhumby', 'euclidean']": {
        "recall@010": 0.2612583507322929,
        "recall@020": 0.30800600090146624,
        "ndcg@010": 0.25007104327454205,
        "ndcg@020": 0.26157928057093255,
        "accuracy@010": 0.22648367902082847,
        "accuracy@020": 0.3027793147176884,
        "precision@010": 0.14837062994951128,
        "precision@020": 0.10435556414007653,
        "f1@010": 0.16992857158365315,
        "f1@020": 0.13528477323047683,
        "mrr@010": 0.41616702163626484,
        "mrr@020": 0.41616702163626484,
        "phr@010": 0.6118208658701471,
        "phr@020": 0.688253635385337
    },
    "['top_personal', 'taobao', 'euclidean']": {
        "recall@010": 0.2670615169533152,
        "recall@020": 0.2724096907444667,
        "ndcg@010": 0.22793798969077586,
        "ndcg@020": 0.22994261942417513,
        "accuracy@010": 0.26644039170332184,
        "accuracy@020": 0.2723601085887152,
        "precision@010": 0.07485392772127163,
        "precision@020": 0.03887686647911665,
        "f1@010": 0.11282403049916045,
        "f1@020": 0.06596804620421046,
        "mrr@010": 0.22818048515783662,
        "mrr@020": 0.22818048515783662,
        "phr@010": 0.30967323090240206,
        "phr@020": 0.31616533217918197
    },
    "['top_personal', 'tmall', 'euclidean']": {
        "recall@010": 0.10508921569763593,
        "recall@020": 0.12618494960254753,
        "ndcg@010": 0.08503508924020475,
        "ndcg@020": 0.09387034242448522,
        "accuracy@010": 0.10452684273046053,
        "accuracy@020": 0.12617150379857214,
        "precision@010": 0.03872475054758061,
        "precision@020": 0.025062058895109603,
        "f1@010": 0.05233950354187371,
        "f1@020": 0.039496292562903455,
        "mrr@010": 0.12181893307359949,
        "mrr@020": 0.12181893307359949,
        "phr@010": 0.23192990995376003,
        "phr@020": 0.27091749817473837
    },
    "['top_personal', 'valuedshopper', 'euclidean']": {
        "recall@010": 0.26555741344156536,
        "recall@020": 0.30744517468045013,
        "ndcg@010": 0.2600038717484343,
        "ndcg@020": 0.2682199917890824,
        "accuracy@010": 0.21307259159575384,
        "accuracy@020": 0.29363577606587365,
        "precision@010": 0.17268907563024716,
        "precision@020": 0.12590036014405281,
        "f1@010": 0.1924506150589233,
        "f1@020": 0.1565367983046053,
        "mrr@010": 0.4492988632641063,
        "mrr@020": 0.4492988632641063,
        "phr@010": 0.6833733493397359,
        "phr@020": 0.7624049619847939
    },
    "['betavae', 'dunnhumby', 'euclidean']": {
        "recall@010": 0.10840057498675497,
        "recall@020": 0.12974151116829627,
        "ndcg@010": 0.10577368409369003,
        "ndcg@020": 0.11063013333733383,
        "accuracy@010": 0.09495554077800379,
        "accuracy@020": 0.1277405027851223,
        "precision@010": 0.06039292514002484,